<?xml version="1.0" encoding="UTF-8"?>
<root>
  <item name="pl.droidsonroids.gif.GifAnimationMetaData GifAnimationMetaData(android.content.res.Resources, int) 1">
    <annotation name="android.support.annotation.DrawableRes" />
    <annotation name="android.support.annotation.RawRes" />
  </item>
  <item name="pl.droidsonroids.gif.GifDrawable GifDrawable(android.content.res.Resources, int) 1">
    <annotation name="android.support.annotation.DrawableRes" />
    <annotation name="android.support.annotation.RawRes" />
  </item>
  <item name="pl.droidsonroids.gif.GifDrawable android.graphics.Bitmap seekToFrameAndGet(int) 0">
    <annotation name="android.support.annotation.IntRange">
      <val name="from" val="0" />
      <val name="to" val="java.lang.Integer.MAX_VALUE" />
    </annotation>
  </item>
  <item name="pl.droidsonroids.gif.GifDrawable android.graphics.Bitmap seekToPositionAndGet(int) 0">
    <annotation name="android.support.annotation.IntRange">
      <val name="from" val="0" />
      <val name="to" val="java.lang.Integer.MAX_VALUE" />
    </annotation>
  </item>
  <item name="pl.droidsonroids.gif.GifDrawable pl.droidsonroids.gif.GifDrawable createFromResource(android.content.res.Resources, int) 1">
    <annotation name="android.support.annotation.DrawableRes" />
    <annotation name="android.support.annotation.RawRes" />
  </item>
  <item name="pl.droidsonroids.gif.GifDrawable void seekTo(int) 0">
    <annotation name="android.support.annotation.IntRange">
      <val name="from" val="0" />
      <val name="to" val="java.lang.Integer.MAX_VALUE" />
    </annotation>
  </item>
  <item name="pl.droidsonroids.gif.GifDrawable void seekToFrame(int) 0">
    <annotation name="android.support.annotation.IntRange">
      <val name="from" val="0" />
      <val name="to" val="java.lang.Integer.MAX_VALUE" />
    </annotation>
  </item>
  <item name="pl.droidsonroids.gif.GifDrawable void setAlpha(int) 0">
    <annotation name="android.support.annotation.IntRange">
      <val name="from" val="0" />
      <val name="to" val="255" />
    </annotation>
  </item>
  <item name="pl.droidsonroids.gif.GifDrawable void setLoopCount(int) 0">
    <annotation name="android.support.annotation.IntRange">
      <val name="from" val="0" />
      <val name="to" val="65535" />
    </annotation>
  </item>
  <item name="pl.droidsonroids.gif.GifDrawable void setSpeed(float) 0">
    <annotation name="android.support.annotation.FloatRange">
      <val name="from" val="0" />
      <val name="fromInclusive" val="false" />
    </annotation>
  </item>
  <item name="pl.droidsonroids.gif.GifTextureView void setSpeed(float) 0">
    <annotation name="android.support.annotation.FloatRange">
      <val name="from" val="0" />
      <val name="fromInclusive" val="false" />
    </annotation>
  </item>
  <item name="pl.droidsonroids.gif.InputSource.ResourcesSource ResourcesSource(android.content.res.Resources, int) 1">
    <annotation name="android.support.annotation.DrawableRes" />
    <annotation name="android.support.annotation.RawRes" />
  </item>
</root>

